emp_id,similarity_score_1,similarity_score_2,similarity_score_3
EMP001,0.3779644730092272,0.28347335475692037,0.1889822365046136
EMP002,0.3779644730092272,0.28347335475692037,0.1889822365046136
EMP003,0.19364916731037082,0.0,0.0
EMP004,0.19364916731037082,0.0,0.0
EMP005,0.31622776601683794,0.11952286093343936,0.10540925533894598
EMP006,0.5640760748177662,0.0,0.0
EMP007,0.3333333333333333,0.28347335475692037,0.19364916731037082
EMP008,0.4444444444444444,0.3779644730092272,0.3333333333333333
EMP009,0.20100756305184242,0.19069251784911848,0.11396057645963795
EMP010,0.5640760748177662,0.0,0.0
EMP011,0.4444444444444444,0.3779644730092272,0.3333333333333333
EMP012,0.31622776601683794,0.1259881576697424,0.1111111111111111
EMP013,0.31622776601683794,0.1259881576697424,0.1111111111111111
EMP014,0.253546276418555,0.14285714285714288,0.0890870806374748
EMP015,0.5345224838248488,0.3333333333333333,0.2357022603955158
EMP016,0.24999999999999994,0.2357022603955158,0.2357022603955158
EMP017,0.4714045207910316,0.4444444444444444,0.3563483225498992
EMP018,0.16666666666666666,0.1259881576697424,0.1111111111111111
EMP019,0.5345224838248488,0.3333333333333333,0.2357022603955158
EMP020,0.24999999999999994,0.2357022603955158,0.2357022603955158
EMP021,0.4714045207910316,0.4444444444444444,0.3563483225498992
EMP022,0.16666666666666666,0.1259881576697424,0.1111111111111111
EMP023,0.33806170189140666,0.21081851067789195,0.21081851067789195
EMP024,0.3223291856101521,0.20100756305184242,0.19069251784911848
EMP025,0.5640760748177662,0.0,0.0
EMP026,0.5640760748177662,0.0,0.0
EMP027,0.24999999999999994,0.24999999999999994,0.2357022603955158
EMP028,0.13363062095621217,0.12499999999999997,0.12499999999999997
EMP029,0.24999999999999994,0.24999999999999994,0.2357022603955158
EMP030,0.13363062095621217,0.12499999999999997,0.12499999999999997
EMP031,0.07254762501100116,0.0,0.0
EMP032,0.07254762501100116,0.0,0.0
EMP033,0.22360679774997896,0.11180339887498948,0.0
EMP034,0.253546276418555,0.21081851067789195,0.19069251784911848
EMP035,0.22360679774997896,0.11180339887498948,0.0
EMP036,0.3779644730092272,0.21081851067789195,0.1111111111111111
EMP037,0.0,0.0,0.0
EMP038,0.3779644730092272,0.21081851067789195,0.1111111111111111
EMP039,0.0,0.0,0.0
EMP040,0.5345224838248488,0.3779644730092272,0.3563483225498992
EMP041,0.5345224838248488,0.3779644730092272,0.3563483225498992
EMP042,0.3333333333333333,0.3333333333333333,0.31622776601683794
EMP043,0.3333333333333333,0.3333333333333333,0.31622776601683794
EMP044,0.3779644730092272,0.3749999999999999,0.24999999999999994
EMP045,0.3779644730092272,0.3749999999999999,0.24999999999999994
EMP046,0.14285714285714282,0.0,0.0
EMP047,0.14285714285714282,0.0,0.0
EMP048,0.31622776601683794,0.2860387767736777,0.23904572186687872
EMP049,0.1259881576697424,0.10540925533894598,0.0
EMP050,0.2519763153394848,0.2222222222222222,0.2222222222222222
EMP051,0.31622776601683794,0.2860387767736777,0.23904572186687872
EMP052,0.1259881576697424,0.10540925533894598,0.0
EMP053,0.2519763153394848,0.2222222222222222,0.2222222222222222
EMP054,0.22360679774997896,0.10540925533894598,0.1
EMP055,0.22360679774997896,0.10540925533894598,0.1
EMP056,0.8249579113843054,0.4330127018922194,0.3749999999999999
EMP057,0.1259881576697424,0.1259881576697424,0.10101525445522107
EMP058,0.3779644730092272,0.3779644730092272,0.2519763153394848
EMP059,0.8249579113843054,0.4330127018922194,0.3749999999999999
EMP060,0.1259881576697424,0.1259881576697424,0.10101525445522107
EMP061,0.7071067811865475,0.3333333333333333,0.2672612419124244
EMP062,0.7071067811865475,0.3333333333333333,0.2672612419124244
EMP063,0.7378647873726218,0.1178511301977579,0.1178511301977579
EMP064,0.7378647873726218,0.1178511301977579,0.1178511301977579
EMP065,0.2672612419124244,0.2222222222222222,0.2222222222222222
EMP066,0.3779644730092272,0.3563483225498992,0.3333333333333333
EMP067,0.48349377841522817,0.2860387767736777,0.2842676218074806
EMP068,0.23904572186687872,0.23904572186687872,0.14285714285714282
EMP069,0.23904572186687872,0.23904572186687872,0.14285714285714282
EMP070,0.31622776601683794,0.22360679774997896,0.21081851067789195
EMP071,0.31622776601683794,0.22360679774997896,0.21081851067789195
EMP072,0.48349377841522817,0.3779644730092272,0.2964997266644405
EMP073,0.48349377841522817,0.3779644730092272,0.2964997266644405
EMP074,0.7071067811865475,0.3779644730092272,0.3749999999999999
EMP075,0.7071067811865475,0.3779644730092272,0.3749999999999999
EMP076,0.8249579113843054,0.3849001794597505,0.3333333333333333
EMP077,0.8249579113843054,0.3849001794597505,0.3333333333333333
EMP078,0.13363062095621217,0.12499999999999997,0.1178511301977579
EMP079,0.7378647873726218,0.0,0.0
EMP080,0.13363062095621217,0.12499999999999997,0.1178511301977579
EMP081,0.7378647873726218,0.0,0.0
EMP082,0.19245008972987526,0.19245008972987526,0.1091089451179962
EMP083,0.19245008972987526,0.19245008972987526,0.1091089451179962
EMP084,0.40201512610368484,0.30151134457776363,0.11396057645963795
EMP085,0.23904572186687872,0.08451542547285167,0.0
EMP086,0.40201512610368484,0.30151134457776363,0.11396057645963795
EMP087,0.23904572186687872,0.08451542547285167,0.0
EMP088,0.1178511301977579,0.1178511301977579,0.09622504486493763
EMP089,0.2842676218074806,0.25197631533948484,0.23570226039551587
EMP090,0.5962847939999439,0.2449489742783178,0.13801311186847084
EMP091,0.2964997266644405,0.17541160386140586,0.16724840200141816
EMP092,0.1178511301977579,0.1178511301977579,0.09622504486493763
EMP093,0.2842676218074806,0.25197631533948484,0.23570226039551587
EMP094,0.5962847939999439,0.2449489742783178,0.13801311186847084
EMP095,0.2964997266644405,0.17541160386140586,0.16724840200141816
EMP096,0.4330127018922194,0.2357022603955159,0.1543033499620919
EMP097,0.24999999999999994,0.2041241452319315,0.16666666666666666
EMP098,0.24999999999999994,0.2041241452319315,0.16666666666666666
EMP099,0.3779644730092272,0.3333333333333333,0.30151134457776363
EMP100,0.1178511301977579,0.0,0.0
EMP101,0.3779644730092272,0.3333333333333333,0.30151134457776363
EMP102,0.1178511301977579,0.0,0.0
EMP103,0.5103103630798288,0.3749999999999999,0.3749999999999999
EMP104,0.5962847939999439,0.5773502691896258,0.3651483716701108
EMP105,0.5962847939999439,0.5773502691896258,0.3651483716701108
EMP106,0.2222222222222222,0.1178511301977579,0.1178511301977579
EMP107,0.2222222222222222,0.1178511301977579,0.1178511301977579
EMP108,0.2314550249431379,0.2223747949983304,0.1889822365046136
EMP109,0.6324555320336759,0.3651483716701108,0.23904572186687872
EMP110,0.6324555320336759,0.3651483716701108,0.23904572186687872
EMP111,0.5103103630798288,0.4166666666666668,0.28867513459481287
EMP112,0.24999999999999994,0.24999999999999994,0.12499999999999997
EMP113,0.1091089451179962,0.10206207261596575,0.09622504486493763
EMP114,0.24999999999999994,0.24999999999999994,0.12499999999999997
EMP115,0.1091089451179962,0.10206207261596575,0.09622504486493763
EMP116,0.35355339059327373,0.3333333333333333,0.16666666666666666
EMP117,0.35355339059327373,0.3333333333333333,0.16666666666666666
EMP118,0.28867513459481287,0.2357022603955158,0.19245008972987526
EMP119,0.13363062095621217,0.1259881576697424,0.11396057645963795
EMP120,0.28867513459481287,0.2357022603955158,0.19245008972987526
EMP121,0.13363062095621217,0.1259881576697424,0.11396057645963795
EMP122,0.5400617248673218,0.2223747949983304,0.20203050891044214
EMP123,0.5400617248673218,0.2223747949983304,0.20203050891044214
EMP124,0.3749999999999999,0.26726124191242434,0.24999999999999994
EMP125,0.408248290463863,0.3749999999999999,0.26726124191242434
EMP126,0.31622776601683794,0.23904572186687872,0.2
EMP127,0.31622776601683794,0.23904572186687872,0.2
EMP128,0.6324555320336759,0.5773502691896258,0.2222222222222222
EMP129,0.6324555320336759,0.5773502691896258,0.2222222222222222
EMP130,0.3779644730092272,0.14285714285714282,0.13363062095621217
EMP131,0.0,0.0,0.0
EMP132,0.3779644730092272,0.14285714285714282,0.13363062095621217
EMP133,0.0,0.0,0.0
EMP134,0.5400617248673218,0.30618621784789724,0.25000000000000006
EMP135,0.3749999999999999,0.1889822365046136,0.13363062095621217
EMP136,0.3749999999999999,0.1889822365046136,0.13363062095621217
EMP137,0.3202563076101743,0.294174202707276,0.2773500981126146
EMP138,0.3202563076101743,0.294174202707276,0.2773500981126146
EMP139,0.4166666666666668,0.408248290463863,0.30618621784789724
EMP140,0.26726124191242434,0.26726124191242434,0.23904572186687872
EMP141,0.40089186286863654,0.35355339059327373,0.294174202707276
EMP142,0.40089186286863654,0.35355339059327373,0.294174202707276
EMP143,0.1889822365046136,0.16666666666666666,0.10206207261596577
EMP144,0.1889822365046136,0.16666666666666666,0.10206207261596577
EMP145,0.13363062095621217,0.12499999999999997,0.11180339887498948
EMP146,0.13363062095621217,0.12499999999999997,0.1178511301977579
EMP147,0.31622776601683794,0.28867513459481287,0.2773500981126146
EMP148,0.6172133998483676,0.0,0.0
EMP149,0.6172133998483676,0.0,0.0
EMP150,0.2279211529192759,0.19069251784911848,0.19069251784911848
EMP151,0.2279211529192759,0.19069251784911848,0.19069251784911848
EMP152,0.6674238124719147,0.6092717958449425,0.41812100500354543
EMP153,0.6674238124719147,0.6092717958449425,0.41812100500354543
EMP154,0.28571428571428564,0.26726124191242434,0.14285714285714282
EMP155,0.6674238124719147,0.4216370213557839,0.3651483716701108
EMP156,0.4330127018922194,0.3086066999241838,0.1543033499620919
EMP157,0.3928371006591931,0.3402069087198859,0.3142696805273545
EMP158,0.408248290463863,0.3086066999241838,0.3086066999241838
EMP159,0.31622776601683794,0.19069251784911848,0.1825741858350554
EMP160,0.6674238124719147,0.4216370213557839,0.3651483716701108
EMP161,0.4330127018922194,0.3086066999241838,0.2721655269759087
EMP162,0.3928371006591931,0.3142696805273545,0.2842676218074806
EMP163,0.31622776601683794,0.19069251784911848,0.1825741858350554
EMP164,0.6837634587578277,0.28571428571428564,0.28571428571428564
EMP165,0.5714285714285713,0.28571428571428564,0.26726124191242434
EMP166,0.2182178902359924,0.2182178902359924,0.14285714285714282
EMP167,0.4472135954999579,0.31622776601683794,0.23904572186687872
EMP168,0.6837634587578277,0.28571428571428564,0.28571428571428564
EMP169,0.554700196225229,0.4193139346887673,0.41812100500354543
EMP170,0.23904572186687872,0.22360679774997896,0.21081851067789195
EMP171,0.40089186286863654,0.28571428571428564,0.2519763153394848
EMP172,0.23904572186687872,0.22360679774997896,0.21081851067789195
EMP173,0.40089186286863654,0.28571428571428564,0.2519763153394848
EMP174,0.6,0.23904572186687872,0.22360679774997896
EMP175,0.6,0.23904572186687872,0.22360679774997896
EMP176,0.6172133998483676,0.2519763153394848,0.23904572186687872
EMP177,0.6172133998483676,0.2519763153394848,0.23904572186687872
EMP178,0.2519763153394848,0.19245008972987526,0.1259881576697424
EMP179,0.2519763153394848,0.19245008972987526,0.1259881576697424
EMP180,0.37573457465108967,0.3113995776646092,0.2581988897471611
EMP181,0.37573457465108967,0.3113995776646092,0.2581988897471611
EMP182,0.6092717958449425,0.4003203845127179,0.3849001794597505
EMP183,0.6092717958449425,0.4003203845127179,0.3651483716701108
EMP184,0.4193139346887673,0.3086066999241838,0.2672612419124244
EMP185,0.554700196225229,0.4216370213557839,0.408248290463863
EMP186,0.4193139346887673,0.3086066999241838,0.2672612419124244
EMP187,0.554700196225229,0.4216370213557839,0.408248290463863
EMP188,0.1543033499620919,0.12309149097933275,0.0
EMP189,0.1543033499620919,0.12309149097933275,0.0
EMP190,1.0,0.37573457465108967,0.2193817272381392
EMP191,0.4472135954999579,0.4330127018922194,0.33541019662496846
EMP192,0.40201512610368484,0.35355339059327373,0.31622776601683794
EMP193,0.3779644730092272,0.28571428571428564,0.28571428571428564
EMP194,0.40201512610368484,0.35355339059327373,0.31622776601683794
EMP195,0.3779644730092272,0.28571428571428564,0.28571428571428564
EMP196,0.20100756305184242,0.1259881576697424,0.10050378152592121
EMP197,0.38138503569823695,0.30000000000000004,0.27386127875258315
EMP198,0.27386127875258315,0.2182178902359924,0.2182178902359924
EMP199,0.36363636363636365,0.12309149097933275,0.11396057645963795
EMP200,0.20100756305184242,0.1259881576697424,0.10050378152592121
EMP201,0.38138503569823695,0.30000000000000004,0.27386127875258315
EMP202,0.27386127875258315,0.2182178902359924,0.2182178902359924
EMP203,0.36363636363636365,0.12309149097933275,0.11396057645963795
EMP204,0.0,0.0,0.0
EMP205,0.6,0.31622776601683794,0.1
EMP206,0.0,0.0,0.0
EMP207,0.6,0.31622776601683794,0.1
EMP208,0.3202563076101743,0.24019223070763074,0.2041241452319315
EMP209,0.3198010745334156,0.2193817272381392,0.21320071635561041
EMP210,0.2279211529192759,0.20100756305184242,0.19069251784911848
EMP211,0.5039526306789696,0.40089186286863654,0.3273268353539886
EMP212,0.26726124191242434,0.26726124191242434,0.2519763153394848
EMP213,0.26726124191242434,0.26726124191242434,0.26726124191242434
EMP214,0.4999999999999999,0.24999999999999994,0.24999999999999994
EMP215,0.4714045207910316,0.28867513459481287,0.2721655269759087
EMP216,0.3198010745334156,0.2193817272381392,0.21320071635561041
EMP217,0.2279211529192759,0.20100756305184242,0.19069251784911848
EMP218,0.26726124191242434,0.26726124191242434,0.2519763153394848
EMP219,0.4999999999999999,0.24999999999999994,0.24999999999999994
EMP220,0.4622501635210242,0.3849001794597505,0.31622776601683794
EMP221,0.2508726030021272,0.20100756305184242,0.16724840200141816
EMP222,0.3202563076101743,0.30618621784789724,0.28867513459481287
EMP223,0.3202563076101743,0.30618621784789724,0.28867513459481287
EMP224,0.27386127875258315,0.22360679774997896,0.21081851067789195
EMP225,0.27386127875258315,0.22360679774997896,0.21081851067789195
EMP226,0.6666666666666667,0.5443310539518174,0.35355339059327373
EMP227,0.6666666666666667,0.5443310539518174,0.35355339059327373
EMP228,0.7272727272727273,0.5720775535473555,0.40201512610368484
EMP229,0.7272727272727273,0.5720775535473555,0.40201512610368484
EMP230,0.4714045207910316,0.46225016352102427,0.4303314829119351
EMP231,0.28571428571428564,0.2519763153394848,0.2279211529192759
EMP232,0.35355339059327373,0.2357022603955158,0.22360679774997896
EMP233,0.36363636363636365,0.20100756305184242,0.18181818181818182
EMP234,0.4714045207910316,0.46225016352102427,0.4303314829119351
EMP235,0.28571428571428564,0.2519763153394848,0.2279211529192759
EMP236,0.35355339059327373,0.2357022603955158,0.22360679774997896
EMP237,0.36363636363636365,0.20100756305184242,0.18181818181818182
EMP238,0.5270462766947299,0.408248290463863,0.40422604172722154
EMP239,0.4629100498862757,0.35355339059327384,0.3086066999241838
EMP240,0.4216370213557839,0.40201512610368484,0.3333333333333333
EMP241,0.26726124191242434,0.1543033499620919,0.1543033499620919
EMP242,0.5039526306789696,0.1259881576697424,0.1178511301977579
EMP243,0.2519763153394848,0.2519763153394848,0.21081851067789195
EMP244,0.5270462766947299,0.408248290463863,0.40422604172722154
EMP245,0.26726124191242434,0.1543033499620919,0.1543033499620919
EMP246,0.2519763153394848,0.2519763153394848,0.21081851067789195
EMP247,0.4999999999999999,0.4999999999999999,0.408248290463863
EMP248,0.4714045207910316,0.42640143271122083,0.40089186286863654
EMP249,0.27500954910846337,0.23904572186687872,0.1543033499620919
EMP250,0.4622501635210242,0.294174202707276,0.2773500981126146
EMP251,0.501280411827603,0.4803844614152615,0.46225016352102427
EMP252,0.6666666666666667,0.30151134457776363,0.2721655269759087
EMP253,0.6666666666666667,0.30151134457776363,0.2721655269759087
EMP254,0.23904572186687872,0.11952286093343936,0.1091089451179962
EMP255,0.5720775535473555,0.5720775535473555,0.5270462766947299
EMP256,0.5345224838248487,0.4714045207910316,0.30618621784789724
EMP257,0.3698001308168194,0.3202563076101743,0.3144854510165755
EMP258,0.282842712474619,0.1414213562373095,0.12909944487358058
EMP259,0.23904572186687872,0.11952286093343936,0.1091089451179962
EMP260,0.5720775535473555,0.5720775535473555,0.5270462766947299
EMP261,0.5345224838248487,0.4714045207910316,0.30618621784789724
EMP262,0.3698001308168194,0.3202563076101743,0.3144854510165755
EMP263,0.282842712474619,0.1414213562373095,0.12909944487358058
EMP264,0.3333333333333333,0.2222222222222222,0.21081851067789195
EMP265,0.2519763153394848,0.20100756305184242,0.0
EMP266,0.3333333333333333,0.2222222222222222,0.21081851067789195
EMP267,0.2519763153394848,0.20100756305184242,0.0
EMP268,0.3333333333333333,0.3333333333333333,0.31622776601683794
EMP269,0.21320071635561041,0.19611613513818402,0.14433756729740646
EMP270,0.2222222222222222,0.20100756305184242,0.13608276348795434
EMP271,0.4629100498862757,0.26726124191242434,0.26726124191242434
EMP272,0.408248290463863,0.3086066999241838,0.2886751345948129
EMP273,0.3333333333333333,0.3333333333333333,0.2222222222222222
EMP274,0.35355339059327384,0.30618621784789724,0.30618621784789724
EMP275,0.35355339059327373,0.294174202707276,0.2357022603955158
EMP276,0.3202563076101743,0.19245008972987526,0.19245008972987526
EMP277,0.3333333333333333,0.2222222222222222,0.20100756305184242
EMP278,0.40422604172722154,0.27500954910846337,0.08084520834544431
EMP279,0.5270462766947299,0.23904572186687872,0.10540925533894598
EMP280,0.3333333333333333,0.3333333333333333,0.2222222222222222
EMP281,0.35355339059327373,0.294174202707276,0.2357022603955158
EMP282,0.3202563076101743,0.19245008972987526,0.19245008972987526
EMP283,0.4803844614152615,0.408248290463863,0.3849001794597505
EMP284,0.4999999999999999,0.21320071635561041,0.13363062095621217
EMP285,0.5270462766947299,0.4444444444444444,0.40201512610368484
EMP286,0.4285714285714285,0.40089186286863654,0.3779644730092272
EMP287,0.5443310539518174,0.36927447293799825,0.2721655269759087
EMP288,0.38138503569823695,0.31622776601683794,0.30000000000000004
EMP289,0.7272727272727273,0.5720775535473555,0.40201512610368484
EMP290,0.26726124191242434,0.24999999999999994,0.2357022603955158
EMP291,0.3086066999241838,0.2886751345948129,0.2721655269759087
EMP292,0.30151134457776363,0.2727272727272727,0.2461829819586655
EMP293,0.31622776601683794,0.21081851067789195,0.21081851067789195
EMP294,0.19245008972987526,0.19245008972987526,0.19245008972987526
EMP295,0.31622776601683794,0.31622776601683794,0.2631174057921088
EMP296,0.21320071635561041,0.20100756305184242,0.11396057645963795
EMP297,0.31622776601683794,0.31622776601683794,0.21081851067789195
EMP298,0.11396057645963795,0.10050378152592121,0.10050378152592121
EMP299,0.42640143271122083,0.40201512610368484,0.40201512610368484
EMP300,0.4999999999999999,0.21320071635561041,0.13363062095621217
EMP301,0.4285714285714285,0.40089186286863654,0.3779644730092272
EMP302,0.31622776601683794,0.21081851067789195,0.21081851067789195
EMP303,0.19245008972987526,0.19245008972987526,0.19245008972987526
EMP304,0.31622776601683794,0.31622776601683794,0.2631174057921088
EMP305,0.21320071635561041,0.20100756305184242,0.11396057645963795
EMP306,0.31622776601683794,0.31622776601683794,0.21081851067789195
EMP307,0.41812100500354543,0.40201512610368484,0.18181818181818182
EMP308,0.501280411827603,0.4303314829119351,0.1951800145897066
EMP309,0.2964997266644405,0.1781741612749496,0.1781741612749496
EMP310,0.3508232077228117,0.282842712474619,0.23904572186687872
EMP311,0.2581988897471611,0.17213259316477406,0.14322297480788657
EMP312,0.3698001308168194,0.3333333333333333,0.30151134457776363
EMP313,0.41812100500354543,0.40201512610368484,0.18181818181818182
EMP314,0.3698001308168194,0.3333333333333333,0.30151134457776363
EMP315,0.8749999999999998,0.14433756729740646,0.13363062095621217
EMP316,0.8749999999999998,0.14433756729740646,0.13363062095621217
EMP317,0.4285714285714285,0.3086066999241838,0.28571428571428564
EMP318,0.3779644730092272,0.3086066999241838,0.3086066999241838
EMP319,0.4285714285714285,0.3086066999241838,0.28571428571428564
EMP320,0.3779644730092272,0.3086066999241838,0.3086066999241838
EMP321,0.5144957554275265,0.3749999999999999,0.3749999999999999
EMP322,0.5345224838248487,0.28571428571428564,0.2519763153394848
EMP323,0.5345224838248487,0.28571428571428564,0.2519763153394848
EMP324,0.38138503569823695,0.31622776601683794,0.31622776601683794
EMP325,0.38138503569823695,0.31622776601683794,0.31622776601683794
EMP326,0.4285714285714285,0.4285714285714285,0.40089186286863654
EMP327,0.4285714285714285,0.4285714285714285,0.40089186286863654
EMP328,0.6681531047810608,0.5144957554275265,0.4999999999999999
EMP329,0.2519763153394848,0.2357022603955158,0.2222222222222222
EMP330,0.0,0.0,0.0
EMP331,0.3030457633656632,0.2672612419124244,0.24174688920761409
EMP332,0.8249579113843054,0.4714045207910316,0.4303314829119351
EMP333,0.4444444444444444,0.40201512610368484,0.30151134457776363
EMP334,0.0,0.0,0.0
EMP335,0.4444444444444444,0.40201512610368484,0.30151134457776363
EMP336,0.8749999999999998,0.2357022603955158,0.21320071635561041
EMP337,0.8749999999999998,0.2357022603955158,0.21320071635561041
EMP338,0.4558423058385518,0.42640143271122083,0.3418817293789138
EMP339,0.8767140075192092,0.6002450479987809,0.5500190982169267
EMP340,0.5345224838248488,0.40406101782088427,0.3585685828003181
EMP341,0.5345224838248488,0.40406101782088427,0.3585685828003181
EMP342,0.19069251784911848,0.18181818181818182,0.17407765595569785
EMP343,0.19069251784911848,0.18181818181818182,0.17407765595569785
EMP344,0.2519763153394848,0.2357022603955158,0.2357022603955158
EMP345,0.38348249442368526,0.33541019662496846,0.31622776601683794
EMP346,0.2519763153394848,0.2357022603955158,0.2357022603955158
EMP347,0.38348249442368526,0.33541019662496846,0.31622776601683794
EMP348,0.8767140075192092,0.45643546458763834,0.4303314829119351
EMP349,0.2519763153394848,0.1259881576697424,0.1178511301977579
EMP350,0.8249579113843054,0.3749999999999999,0.26726124191242434
EMP351,0.35355339059327373,0.31622776601683794,0.2357022603955158
EMP352,0.26726124191242434,0.26726124191242434,0.2182178902359924
EMP353,0.3849001794597505,0.2100420126042015,0.2041241452319315
EMP354,0.4629100498862757,0.4558423058385518,0.40089186286863654
EMP355,0.5345224838248488,0.5039526306789696,0.4444444444444444
EMP356,0.40089186286863654,0.3198010745334156,0.2886751345948129
EMP357,0.4351941398892446,0.2182178902359924,0.2182178902359924
EMP358,0.28571428571428564,0.2519763153394848,0.1690308509457033
EMP359,0.13483997249264842,0.11396057645963795,0.11396057645963795
EMP360,0.40089186286863654,0.40089186286863654,0.35355339059327373
EMP361,0.41666666666666674,0.1091089451179962,0.1091089451179962
EMP362,0.6681531047810608,0.5500190982169267,0.5039526306789696
EMP363,0.4545454545454546,0.36563621206356534,0.3198010745334156
EMP364,0.5,0.47809144373375745,0.4767312946227962
EMP365,0.8,0.4216370213557839,0.3585685828003181
EMP366,0.5345224838248487,0.3198010745334156,0.3162277660168379
EMP367,0.3418817293789138,0.26967994498529685,0.2279211529192759
EMP368,0.3442651863295481,0.28867513459481287,0.2222222222222222
EMP369,0.3779644730092272,0.21081851067789195,0.20100756305184242
EMP370,0.2041241452319315,0.19245008972987526,0.17407765595569785
EMP371,0.3779644730092272,0.30151134457776363,0.30151134457776363
EMP372,0.3273268353539886,0.3030457633656632,0.28571428571428564
EMP373,0.3442651863295481,0.30151134457776363,0.2721655269759087
EMP374,0.5,0.47809144373375745,0.4767312946227962
EMP375,0.30151134457776363,0.24253562503633294,0.2357022603955158
EMP376,0.1825741858350554,0.1091089451179962,0.1091089451179962
EMP377,0.44721359549995787,0.40201512610368484,0.3779644730092272
EMP378,0.3113995776646092,0.2581988897471611,0.2449489742783178
EMP379,0.40201512610368484,0.3333333333333333,0.31622776601683794
EMP380,0.37688918072220456,0.17677669529663687,0.17677669529663687
EMP381,0.35355339059327373,0.31622776601683794,0.2357022603955158
EMP382,0.26726124191242434,0.26726124191242434,0.2182178902359924
EMP383,0.3849001794597505,0.2100420126042015,0.2041241452319315
EMP384,0.4629100498862757,0.4558423058385518,0.40089186286863654
EMP385,0.40089186286863654,0.3198010745334156,0.2886751345948129
EMP386,0.28571428571428564,0.2519763153394848,0.1690308509457033
EMP387,0.40089186286863654,0.40089186286863654,0.35355339059327373
EMP388,0.41666666666666674,0.1091089451179962,0.1091089451179962
EMP389,0.5,0.47809144373375745,0.4767312946227962
EMP390,0.8,0.4216370213557839,0.3585685828003181
EMP391,0.5345224838248487,0.3198010745334156,0.3162277660168379
EMP392,0.3418817293789138,0.26967994498529685,0.2279211529192759
EMP393,0.3442651863295481,0.28867513459481287,0.2222222222222222
EMP394,0.3779644730092272,0.21081851067789195,0.20100756305184242
EMP395,0.2041241452319315,0.19245008972987526,0.17407765595569785
EMP396,0.3779644730092272,0.30151134457776363,0.30151134457776363
EMP397,0.3273268353539886,0.3030457633656632,0.28571428571428564
EMP398,0.3442651863295481,0.30151134457776363,0.2721655269759087
EMP399,0.5,0.47809144373375745,0.4767312946227962
EMP400,0.30151134457776363,0.24253562503633294,0.2357022603955158
EMP401,0.1825741858350554,0.1091089451179962,0.1091089451179962
EMP402,0.44721359549995787,0.40201512610368484,0.3779644730092272
EMP403,0.3113995776646092,0.2581988897471611,0.2449489742783178
EMP404,0.40201512610368484,0.3333333333333333,0.31622776601683794
EMP405,0.37688918072220456,0.17677669529663687,0.17677669529663687
EMP406,0.50709255283711,0.3585685828003181,0.2981423969999719
EMP407,0.2672612419124244,0.253546276418555,0.253546276418555
EMP408,0.7302967433402215,0.23904572186687872,0.2
EMP409,0.5103103630798288,0.13363062095621217,0.13363062095621217
EMP410,0.6002450479987809,0.4999999999999999,0.4714045207910316
EMP411,0.7035264706814485,0.5454545454545454,0.42640143271122083
EMP412,0.50709255283711,0.3585685828003181,0.2981423969999719
EMP413,0.2672612419124244,0.253546276418555,0.253546276418555
EMP414,0.7302967433402215,0.23904572186687872,0.2
EMP415,0.5103103630798288,0.13363062095621217,0.13363062095621217
EMP416,0.6002450479987809,0.4999999999999999,0.4714045207910316
EMP417,0.7035264706814485,0.5454545454545454,0.42640143271122083
EMP418,0.5892556509887895,0.42640143271122083,0.3749999999999999
EMP419,0.35355339059327373,0.2519763153394848,0.2519763153394848
EMP420,0.2727272727272727,0.2279211529192759,0.2193817272381392
EMP421,0.20203050891044214,0.10910894511799621,0.10101525445522107
EMP422,0.4303314829119351,0.29814239699997197,0.273861278752583
EMP423,0.5241424183609591,0.5017452060042545,0.4961389383568338
EMP424,0.5222329678670935,0.30618621784789724,0.2182178902359924
EMP425,0.4522670168666455,0.28347335475692037,0.23717082451262844
EMP426,0.4564354645876385,0.3585685828003181,0.33541019662496846
EMP427,0.35355339059327373,0.2519763153394848,0.2519763153394848
EMP428,0.2727272727272727,0.2279211529192759,0.2193817272381392
EMP429,0.5241424183609591,0.5017452060042545,0.4961389383568338
EMP430,0.5345224838248487,0.28347335475692037,0.26726124191242434
EMP431,0.3872983346207417,0.36927447293799825,0.35355339059327384
EMP432,0.5892556509887895,0.4999999999999999,0.4472135954999579
EMP433,0.40201512610368484,0.1259881576697424,0.1178511301977579
EMP434,0.5773502691896258,0.5443310539518174,0.3086066999241838
EMP435,0.5,0.47809144373375745,0.4767312946227962
EMP436,0.40406101782088427,0.28571428571428564,0.26726124191242434
EMP437,0.33541019662496846,0.23904572186687872,0.1414213562373095
EMP438,0.13608276348795434,0.12909944487358058,0.0
EMP439,0.5345224838248487,0.28347335475692037,0.26726124191242434
EMP440,0.3872983346207417,0.36927447293799825,0.35355339059327384
EMP441,0.5892556509887895,0.4999999999999999,0.4472135954999579
EMP442,0.40201512610368484,0.1259881576697424,0.1178511301977579
EMP443,0.5773502691896258,0.5443310539518174,0.3086066999241838
EMP444,0.5,0.47809144373375745,0.4767312946227962
EMP445,0.40406101782088427,0.28571428571428564,0.26726124191242434
EMP446,0.33541019662496846,0.23904572186687872,0.1414213562373095
EMP447,0.13608276348795434,0.12909944487358058,0.0
EMP448,0.6324555320336759,0.4472135954999579,0.4
EMP449,0.6324555320336759,0.4472135954999579,0.4
EMP450,0.5892556509887895,0.5039526306789696,0.4714045207910316
EMP451,0.5892556509887895,0.5039526306789696,0.4714045207910316
EMP452,0.2519763153394848,0.2279211529192759,0.2279211529192759
EMP453,0.2519763153394848,0.2279211529192759,0.2279211529192759
EMP454,0.6324555320336759,0.40201512610368484,0.31622776601683794
EMP455,0.6324555320336759,0.40201512610368484,0.31622776601683794
EMP456,0.28571428571428564,0.13363062095621217,0.1259881576697424
EMP457,0.4629100498862757,0.2886751345948129,0.13608276348795434
EMP458,0.1178511301977579,0.11180339887498948,0.11180339887498948
EMP459,0.13363062095621217,0.0,0.0
EMP460,0.31622776601683794,0.2,0.11952286093343936
EMP461,0.26726124191242434,0.13363062095621217,0.1178511301977579
EMP462,0.1259881576697424,0.10540925533894598,0.10050378152592121
EMP463,0.28571428571428564,0.13363062095621217,0.1259881576697424
EMP464,0.4629100498862757,0.2886751345948129,0.13608276348795434
EMP465,0.1178511301977579,0.11180339887498948,0.11180339887498948
EMP466,0.13363062095621217,0.0,0.0
EMP467,0.31622776601683794,0.2,0.11952286093343936
EMP468,0.1259881576697424,0.10540925533894598,0.10050378152592121
EMP469,0.5039526306789696,0.11952286093343936,0.11952286093343936
EMP470,0.0,0.0,0.0
EMP471,0.2519763153394848,0.23904572186687872,0.14285714285714282
EMP472,0.2041241452319315,0.1091089451179962,0.09622504486493763
EMP473,0.14285714285714282,0.0,0.0
EMP474,0.13363062095621217,0.0,0.0
EMP475,0.11952286093343936,0.11180339887498948,0.10540925533894598
EMP476,0.13363062095621217,0.13363062095621217,0.12499999999999997
EMP477,0.35355339059327373,0.2519763153394848,0.1259881576697424
EMP478,0.28571428571428564,0.23904572186687872,0.14285714285714282
EMP479,0.1259881576697424,0.0,0.0
EMP480,0.31622776601683794,0.2222222222222222,0.1259881576697424
EMP481,0.2357022603955158,0.13363062095621217,0.12499999999999997
EMP482,0.0,0.0,0.0
EMP483,0.13363062095621217,0.12499999999999997,0.1178511301977579
EMP484,0.20100756305184242,0.19069251784911848,0.11396057645963795
EMP485,0.2182178902359924,0.1825741858350554,0.10206207261596575
EMP486,0.3585685828003181,0.2519763153394848,0.14285714285714282
EMP487,0.4558423058385518,0.23904572186687872,0.1259881576697424
EMP488,0.0975900072948533,0.09128709291752767,0.08606629658238703
EMP489,0.4767312946227962,0.4,0.31622776601683794
EMP490,0.4444444444444444,0.21081851067789195,0.20100756305184242
EMP491,0.2279211529192759,0.20100756305184242,0.19069251784911848
EMP492,0.1,0.09534625892455924,0.0
EMP493,0.10540925533894598,0.10050378152592121,0.0
EMP494,0.1111111111111111,0.10540925533894598,0.10050378152592121
EMP495,0.30151134457776363,0.10540925533894598,0.0
EMP496,0.40451991747794525,0.1414213562373095,0.0
EMP497,0.4545454545454546,0.09534625892455924,0.0
EMP498,0.5039526306789696,0.11952286093343936,0.11952286093343936
EMP499,0.2519763153394848,0.23904572186687872,0.14285714285714282
EMP500,0.13363062095621217,0.0,0.0
EMP501,0.11952286093343936,0.11180339887498948,0.10540925533894598
EMP502,0.13363062095621217,0.13363062095621217,0.12499999999999997
EMP503,0.28571428571428564,0.23904572186687872,0.14285714285714282
EMP504,0.1259881576697424,0.0,0.0
EMP505,0.31622776601683794,0.2222222222222222,0.1259881576697424
EMP506,0.2357022603955158,0.13363062095621217,0.12499999999999997
EMP507,0.0,0.0,0.0
EMP508,0.13363062095621217,0.12499999999999997,0.1178511301977579
EMP509,0.20100756305184242,0.19069251784911848,0.11396057645963795
EMP510,0.2182178902359924,0.1825741858350554,0.10206207261596575
EMP511,0.3585685828003181,0.2519763153394848,0.14285714285714282
EMP512,0.4558423058385518,0.23904572186687872,0.1259881576697424
EMP513,0.0975900072948533,0.09128709291752767,0.08606629658238703
EMP514,0.4767312946227962,0.4,0.31622776601683794
EMP515,0.4444444444444444,0.21081851067789195,0.20100756305184242
EMP516,0.2279211529192759,0.20100756305184242,0.19069251784911848
EMP517,0.1,0.09534625892455924,0.0
EMP518,0.10540925533894598,0.10050378152592121,0.0
EMP519,0.1111111111111111,0.10540925533894598,0.10050378152592121
EMP520,0.30151134457776363,0.10540925533894598,0.0
EMP521,0.40451991747794525,0.1414213562373095,0.0
EMP522,0.3849001794597505,0.27386127875258315,0.1091089451179962
EMP523,0.3849001794597505,0.27386127875258315,0.1091089451179962
EMP524,0.19069251784911848,0.11396057645963795,0.10660035817780521
EMP525,0.4714045207910316,0.33541019662496846,0.26726124191242434
EMP526,0.4714045207910316,0.22360679774997896,0.13363062095621217
EMP527,0.19069251784911848,0.11396057645963795,0.10660035817780521
EMP528,0.4714045207910316,0.33541019662496846,0.26726124191242434
EMP529,0.4714045207910316,0.22360679774997896,0.13363062095621217
EMP530,0.4629100498862757,0.3779644730092272,0.3086066999241838
EMP531,0.4629100498862757,0.3779644730092272,0.3086066999241838
EMP532,0.35355339059327373,0.33541019662496846,0.33541019662496846
EMP533,0.35355339059327373,0.33541019662496846,0.33541019662496846
EMP534,0.31622776601683794,0.23904572186687872,0.22360679774997896
EMP535,0.31622776601683794,0.23904572186687872,0.22360679774997896
EMP536,0.6396021490668312,0.492365963917331,0.4767312946227962
EMP537,0.6396021490668312,0.492365963917331,0.4767312946227962
EMP538,0.2519763153394848,0.2357022603955158,0.13608276348795434
EMP539,0.26726124191242434,0.26726124191242434,0.22360679774997896
EMP540,0.31622776601683794,0.20100756305184242,0.10050378152592121
EMP541,0.21320071635561041,0.11180339887498948,0.10660035817780521
EMP542,0.4351941398892446,0.3481553119113957,0.2357022603955159
EMP543,0.14433756729740646,0.13363062095621217,0.12499999999999997
EMP544,0.20100756305184242,0.20100756305184242,0.09622504486493763
EMP545,0.13608276348795434,0.1259881576697424,0.1178511301977579
EMP546,0.22360679774997896,0.14433756729740646,0.10660035817780521
EMP547,0.19245008972987526,0.10540925533894598,0.10050378152592121
EMP548,0.492365963917331,0.1666666666666667,0.12909944487358058
EMP549,0.3198010745334156,0.22360679774997896,0.14433756729740646
EMP550,0.2519763153394848,0.2357022603955158,0.13608276348795434
EMP551,0.26726124191242434,0.26726124191242434,0.22360679774997896
EMP552,0.31622776601683794,0.20100756305184242,0.10050378152592121
EMP553,0.21320071635561041,0.11180339887498948,0.10660035817780521
EMP554,0.4351941398892446,0.3481553119113957,0.2357022603955159
EMP555,0.14433756729740646,0.13363062095621217,0.12499999999999997
EMP556,0.20100756305184242,0.20100756305184242,0.09622504486493763
EMP557,0.13608276348795434,0.1259881576697424,0.1178511301977579
EMP558,0.22360679774997896,0.14433756729740646,0.10660035817780521
EMP559,0.19245008972987526,0.10540925533894598,0.10050378152592121
EMP560,0.492365963917331,0.1666666666666667,0.12909944487358058
EMP561,0.3198010745334156,0.22360679774997896,0.14433756729740646
EMP562,0.18181818181818182,0.10660035817780521,0.10660035817780521
EMP563,0.2041241452319315,0.10660035817780521,0.0
EMP564,0.20100756305184242,0.10050378152592121,0.0
EMP565,0.6396021490668312,0.3198010745334156,0.3198010745334156
EMP566,0.2721655269759087,0.2519763153394848,0.20100756305184242
EMP567,0.14433756729740646,0.13363062095621217,0.12499999999999997
EMP568,0.12909944487358058,0.11952286093343936,0.11180339887498948
EMP569,0.3779644730092272,0.2519763153394848,0.20100756305184242
EMP570,0.3333333333333334,0.3086066999241838,0.14433756729740646
EMP571,0.0,0.0,0.0
EMP572,0.14433756729740646,0.0,0.0
EMP573,0.5454545454545455,0.36363636363636365,0.12309149097933275
EMP574,0.21320071635561041,0.18181818181818182,0.17407765595569785
EMP575,0.4558423058385518,0.3418817293789138,0.1543033499620919
EMP576,0.12909944487358058,0.11952286093343936,0.1
EMP577,0.40201512610368484,0.40201512610368484,0.13608276348795434
EMP578,0.20100756305184242,0.20100756305184242,0.09622504486493763
EMP579,0.4558423058385518,0.3418817293789138,0.1543033499620919
EMP580,0.1543033499620919,0.0,0.0
EMP581,0.2279211529192759,0.1543033499620919,0.11952286093343936
EMP582,0.4364357804719848,0.3418817293789138,0.3418817293789138
EMP583,0.21320071635561041,0.14433756729740646,0.13363062095621217
EMP584,0.10540925533894598,0.10050378152592121,0.0
EMP585,0.36363636363636365,0.12309149097933275,0.11396057645963795
EMP586,0.4545454545454546,0.18181818181818182,0.18181818181818182
EMP587,0.30151134457776363,0.2721655269759087,0.19245008972987526
EMP588,0.2041241452319315,0.10660035817780521,0.0
EMP589,0.20100756305184242,0.10050378152592121,0.0
EMP590,0.6396021490668312,0.3198010745334156,0.3198010745334156
EMP591,0.2721655269759087,0.2519763153394848,0.20100756305184242
EMP592,0.12909944487358058,0.11952286093343936,0.11180339887498948
EMP593,0.3779644730092272,0.2519763153394848,0.20100756305184242
EMP594,0.0,0.0,0.0
EMP595,0.14433756729740646,0.0,0.0
EMP596,0.5454545454545455,0.36363636363636365,0.12309149097933275
EMP597,0.21320071635561041,0.18181818181818182,0.17407765595569785
EMP598,0.4558423058385518,0.3418817293789138,0.1543033499620919
EMP599,0.12909944487358058,0.11952286093343936,0.1
EMP600,0.40201512610368484,0.40201512610368484,0.13608276348795434
EMP601,0.20100756305184242,0.20100756305184242,0.09622504486493763
EMP602,0.4558423058385518,0.3418817293789138,0.1543033499620919
EMP603,0.1543033499620919,0.0,0.0
EMP604,0.2279211529192759,0.1543033499620919,0.11952286093343936
EMP605,0.4364357804719848,0.3418817293789138,0.3418817293789138
EMP606,0.21320071635561041,0.14433756729740646,0.13363062095621217
EMP607,0.10540925533894598,0.10050378152592121,0.0
EMP608,0.36363636363636365,0.12309149097933275,0.11396057645963795
EMP609,0.4545454545454546,0.18181818181818182,0.18181818181818182
EMP610,0.30151134457776363,0.2721655269759087,0.19245008972987526
EMP611,0.25819888974716115,0.23904572186687872,0.22360679774997896
EMP612,0.3481553119113957,0.3481553119113957,0.2357022603955159
EMP613,0.30151134457776363,0.30151134457776363,0.20412414523193154
EMP614,0.21821789023599242,0.20203050891044214,0.0944911182523068
EMP615,0.10910894511799621,0.10101525445522107,0.0944911182523068
EMP616,0.3113995776646092,0.3113995776646092,0.21081851067789195
EMP617,0.4150286783196448,0.3458572319330373,0.1873171623163388
EMP618,0.38924947208076144,0.3113995776646092,0.273861278752583
EMP619,0.12309149097933275,0.11396057645963795,0.10660035817780521
EMP620,0.33541019662496846,0.11952286093343936,0.11952286093343936
EMP621,0.3086066999241838,0.12909944487358058,0.12309149097933275
EMP622,0.3198010745334156,0.3198010745334156,0.0
EMP623,0.6030226891555273,0.40201512610368484,0.40201512610368484
EMP624,0.533001790889026,0.21320071635561041,0.10660035817780521
EMP625,0.25819888974716115,0.23904572186687872,0.22360679774997896
EMP626,0.3481553119113957,0.3481553119113957,0.2357022603955159
EMP627,0.30151134457776363,0.30151134457776363,0.20412414523193154
EMP628,0.21821789023599242,0.20203050891044214,0.0944911182523068
EMP629,0.10910894511799621,0.10101525445522107,0.0944911182523068
EMP630,0.3113995776646092,0.3113995776646092,0.21081851067789195
EMP631,0.4150286783196448,0.3458572319330373,0.1873171623163388
EMP632,0.38924947208076144,0.3113995776646092,0.273861278752583
EMP633,0.12309149097933275,0.11396057645963795,0.10660035817780521
EMP634,0.3086066999241838,0.12909944487358058,0.12309149097933275
EMP635,0.3198010745334156,0.3198010745334156,0.0
EMP636,0.6030226891555273,0.40201512610368484,0.40201512610368484
EMP637,0.533001790889026,0.21320071635561041,0.10660035817780521
EMP638,0.4767312946227962,0.38138503569823695,0.2
EMP639,0.4472135954999579,0.33541019662496846,0.2
EMP640,0.10050378152592121,0.10050378152592121,0.0
EMP641,0.10206207261596575,0.0,0.0
EMP642,0.4767312946227962,0.38138503569823695,0.2
EMP643,0.4472135954999579,0.33541019662496846,0.2
EMP644,0.10050378152592121,0.10050378152592121,0.0
EMP645,0.10206207261596575,0.0,0.0
EMP646,0.4364357804719848,0.4364357804719848,0.2357022603955159
EMP647,0.4364357804719848,0.4364357804719848,0.2357022603955159
EMP648,0.6030226891555273,0.42640143271122083,0.40201512610368484
EMP649,0.6030226891555273,0.42640143271122083,0.40201512610368484
EMP650,0.408248290463863,0.3333333333333334,0.3086066999241838
EMP651,0.408248290463863,0.3333333333333334,0.3086066999241838
EMP652,0.3086066999241838,0.28571428571428564,0.26726124191242434
EMP653,0.5454545454545455,0.4767312946227962,0.4558423058385518
EMP654,0.533001790889026,0.40201512610368484,0.36363636363636365
EMP655,0.3086066999241838,0.28571428571428564,0.26726124191242434
EMP656,0.5454545454545455,0.4767312946227962,0.4558423058385518
EMP657,0.533001790889026,0.40201512610368484,0.36363636363636365
EMP658,0.4472135954999579,0.273861278752583,0.24999999999999994
EMP659,0.4472135954999579,0.273861278752583,0.24999999999999994
EMP660,0.40089186286863654,0.3585685828003181,0.3585685828003181
EMP661,0.40089186286863654,0.3585685828003181,0.3585685828003181
EMP662,0.22645540682891918,0.19611613513818402,0.1849000654084097
EMP663,0.7071067811865475,0.4999999999999999,0.33541019662496846
EMP664,0.25000000000000006,0.20412414523193156,0.2041241452319315
EMP665,0.2721655269759087,0.2461829819586655,0.2461829819586655
EMP666,0.2611164839335468,0.1091089451179962,0.09622504486493763
EMP667,0.408248290463863,0.31622776601683794,0.30151134457776363
EMP668,0.26726124191242434,0.2357022603955158,0.14433756729740646
EMP669,0.4216370213557839,0.30000000000000004,0.11952286093343936
EMP670,0.28571428571428564,0.1781741612749496,0.1543033499620919
EMP671,0.16666666666666666,0.11180339887498948,0.11180339887498948
EMP672,0.4285714285714285,0.3086066999241838,0.2519763153394848
EMP673,0.36363636363636365,0.20100756305184242,0.20100756305184242
EMP674,0.0,0.0,0.0
EMP675,0.4444444444444444,0.31622776601683794,0.1259881576697424
EMP676,0.1978141420187361,0.19069251784911848,0.12909944487358058
EMP677,0.1543033499620919,0.14285714285714282,0.11952286093343936
EMP678,0.3418817293789138,0.2519763153394848,0.1543033499620919
EMP679,0.35355339059327373,0.33541019662496846,0.22360679774997896
EMP680,0.21821789023599242,0.16718346377260587,0.16116459280507606
EMP681,0.22645540682891918,0.19611613513818402,0.1849000654084097
EMP682,0.7071067811865475,0.4999999999999999,0.33541019662496846
EMP683,0.2721655269759087,0.2461829819586655,0.2461829819586655
EMP684,0.2611164839335468,0.1091089451179962,0.09622504486493763
EMP685,0.408248290463863,0.31622776601683794,0.30151134457776363
EMP686,0.26726124191242434,0.2357022603955158,0.14433756729740646
EMP687,0.4216370213557839,0.30000000000000004,0.11952286093343936
EMP688,0.28571428571428564,0.1781741612749496,0.1543033499620919
EMP689,0.16666666666666666,0.11180339887498948,0.11180339887498948
EMP690,0.4285714285714285,0.3086066999241838,0.2519763153394848
EMP691,0.36363636363636365,0.20100756305184242,0.20100756305184242
EMP692,0.0,0.0,0.0
EMP693,0.4444444444444444,0.31622776601683794,0.1259881576697424
EMP694,0.1978141420187361,0.19069251784911848,0.12909944487358058
EMP695,0.1543033499620919,0.14285714285714282,0.11952286093343936
EMP696,0.3418817293789138,0.2519763153394848,0.1543033499620919
EMP697,0.35355339059327373,0.33541019662496846,0.22360679774997896
EMP698,0.21821789023599242,0.16718346377260587,0.16116459280507606
EMP699,0.1543033499620919,0.0,0.0
EMP700,0.40201512610368484,0.36363636363636365,0.21320071635561041
EMP701,0.1259881576697424,0.11952286093343936,0.11952286093343936
EMP702,0.2461829819586655,0.2461829819586655,0.1666666666666667
EMP703,0.42640143271122083,0.24999999999999994,0.21320071635561041
EMP704,0.2211629342323457,0.21320071635561041,0.14433756729740646
EMP705,0.21081851067789195,0.2,0.1632993161855452
EMP706,0.10540925533894598,0.10050378152592121,0.09622504486493763
EMP707,0.10540925533894598,0.10050378152592121,0.09622504486493763
EMP708,0.2461829819586655,0.1924500897298753,0.13608276348795434
EMP709,0.12309149097933275,0.11396057645963795,0.0
EMP710,0.4285714285714285,0.3086066999241838,0.28571428571428564
EMP711,0.2519763153394848,0.20100756305184242,0.1111111111111111
EMP712,0.1543033499620919,0.0,0.0
EMP713,0.40201512610368484,0.36363636363636365,0.21320071635561041
EMP714,0.1259881576697424,0.11952286093343936,0.11952286093343936
EMP715,0.2461829819586655,0.2461829819586655,0.1666666666666667
EMP716,0.42640143271122083,0.24999999999999994,0.21320071635561041
EMP717,0.2211629342323457,0.21320071635561041,0.14433756729740646
EMP718,0.21081851067789195,0.2,0.1632993161855452
EMP719,0.10540925533894598,0.10050378152592121,0.09622504486493763
EMP720,0.10540925533894598,0.10050378152592121,0.09622504486493763
EMP721,0.2461829819586655,0.1924500897298753,0.13608276348795434
EMP722,0.12309149097933275,0.11396057645963795,0.0
EMP723,0.4285714285714285,0.3086066999241838,0.28571428571428564
EMP724,0.2519763153394848,0.20100756305184242,0.1111111111111111
EMP725,0.30151134457776363,0.20100756305184242,0.13608276348795434
EMP726,0.17407765595569785,0.14907119849998599,0.13608276348795437
EMP727,0.2519763153394848,0.2279211529192759,0.14285714285714282
EMP728,0.4472135954999579,0.35355339059327373,0.3198010745334156
EMP729,0.30151134457776363,0.20100756305184242,0.13608276348795434
EMP730,0.17407765595569785,0.14907119849998599,0.13608276348795437
EMP731,0.2519763153394848,0.2279211529192759,0.14285714285714282
EMP732,0.4472135954999579,0.35355339059327373,0.3198010745334156
EMP733,0.4242640687119285,0.26967994498529685,0.25819888974716115
EMP734,0.4242640687119285,0.26967994498529685,0.25819888974716115
EMP735,0.5270462766947299,0.4444444444444444,0.4216370213557839
EMP736,0.5270462766947299,0.4444444444444444,0.4216370213557839
EMP737,0.7071067811865475,0.40201512610368484,0.35355339059327373
EMP738,0.3651483716701108,0.23904572186687872,0.23904572186687872
EMP739,0.3651483716701108,0.23904572186687872,0.23904572186687872
EMP740,0.4285714285714285,0.4285714285714285,0.4285714285714285
EMP741,0.47809144373375745,0.4472135954999579,0.4216370213557839
EMP742,0.11396057645963795,0.11396057645963795,0.11396057645963795
EMP743,0.4999999999999999,0.40089186286863654,0.40089186286863654
EMP744,0.2211629342323457,0.1978141420187361,0.16718346377260587
EMP745,0.5833333333333333,0.23570226039551587,0.20412414523193156
EMP746,0.2449489742783178,0.18257418583505533,0.1632993161855452
EMP747,0.5270462766947299,0.47809144373375745,0.4472135954999579
EMP748,0.2721655269759087,0.2519763153394848,0.2519763153394848
EMP749,0.4285714285714285,0.4285714285714285,0.4285714285714285
EMP750,0.47809144373375745,0.4472135954999579,0.4216370213557839
EMP751,0.11396057645963795,0.11396057645963795,0.11396057645963795
EMP752,0.4999999999999999,0.40089186286863654,0.40089186286863654
EMP753,0.2211629342323457,0.1978141420187361,0.16718346377260587
EMP754,0.5833333333333333,0.23570226039551587,0.20412414523193156
EMP755,0.2449489742783178,0.18257418583505533,0.1632993161855452
EMP756,0.5270462766947299,0.47809144373375745,0.4472135954999579
EMP757,0.2721655269759087,0.2519763153394848,0.2519763153394848
EMP758,0.3273268353539886,0.3273268353539886,0.28867513459481287
EMP759,0.2,0.1825741858350554,0.12909944487358058
EMP760,0.2461829819586655,0.2461829819586655,0.2279211529192759
EMP761,0.3273268353539886,0.3273268353539886,0.28867513459481287
EMP762,0.2,0.1825741858350554,0.12909944487358058
EMP763,0.2461829819586655,0.2461829819586655,0.2279211529192759
EMP764,0.3563483225498992,0.2222222222222222,0.1111111111111111
EMP765,0.3563483225498992,0.2222222222222222,0.1111111111111111
EMP766,0.26726124191242434,0.2519763153394848,0.2182178902359924
EMP767,0.26726124191242434,0.2519763153394848,0.2182178902359924
EMP768,0.3651483716701108,0.13608276348795437,0.11785113019775795
EMP769,0.4472135954999579,0.3779644730092272,0.33541019662496846
EMP770,0.13363062095621217,0.1178511301977579,0.11180339887498948
EMP771,0.4472135954999579,0.35355339059327373,0.33541019662496846
EMP772,0.253546276418555,0.21081851067789195,0.21081851067789195
EMP773,0.4285714285714285,0.3585685828003181,0.2519763153394848
EMP774,0.47809144373375745,0.2519763153394848,0.2182178902359924
EMP775,0.3333333333333333,0.3333333333333333,0.2721655269759087
EMP776,0.35355339059327373,0.20100756305184242,0.1781741612749496
EMP777,0.2449489742783178,0.19069251784911848,0.11180339887498948
EMP778,0.1543033499620919,0.14285714285714282,0.11952286093343936
EMP779,0.30000000000000004,0.30000000000000004,0.253546276418555
EMP780,0.30000000000000004,0.30000000000000004,0.253546276418555
EMP781,0.47809144373375745,0.40089186286863654,0.3273268353539886
EMP782,0.3651483716701108,0.13608276348795437,0.11785113019775795
EMP783,0.4472135954999579,0.3779644730092272,0.33541019662496846
EMP784,0.13363062095621217,0.1178511301977579,0.11180339887498948
EMP785,0.4472135954999579,0.35355339059327373,0.33541019662496846
EMP786,0.253546276418555,0.21081851067789195,0.21081851067789195
EMP787,0.4285714285714285,0.3585685828003181,0.2519763153394848
EMP788,0.47809144373375745,0.2519763153394848,0.2182178902359924
EMP789,0.3333333333333333,0.3333333333333333,0.2721655269759087
EMP790,0.35355339059327373,0.20100756305184242,0.1781741612749496
EMP791,0.2449489742783178,0.19069251784911848,0.11180339887498948
EMP792,0.1543033499620919,0.14285714285714282,0.11952286093343936
EMP793,0.30000000000000004,0.30000000000000004,0.253546276418555
EMP794,0.30000000000000004,0.30000000000000004,0.253546276418555
EMP795,0.47809144373375745,0.40089186286863654,0.3273268353539886
EMP796,0.4216370213557839,0.3779644730092272,0.35355339059327373
EMP797,0.5892556509887895,0.5833333333333333,0.5669467095138409
EMP798,0.4216370213557839,0.3779644730092272,0.35355339059327373
EMP799,0.5892556509887895,0.5833333333333333,0.5669467095138409
EMP800,0.5669467095138409,0.44543540318737396,0.3030457633656632
EMP801,0.2721655269759087,0.1543033499620919,0.1543033499620919
EMP802,0.7252406676228421,0.42257712736425834,0.3779644730092272
EMP803,0.5669467095138409,0.44543540318737396,0.3030457633656632
EMP804,0.2721655269759087,0.1543033499620919,0.1543033499620919
EMP805,0.7252406676228421,0.42257712736425834,0.3779644730092272
EMP806,0.6249999999999999,0.4330127018922194,0.3749999999999999
EMP807,0.5892556509887895,0.44543540318737396,0.35355339059327373
EMP808,0.4767312946227962,0.42257712736425834,0.4216370213557839
EMP809,0.6249999999999999,0.4330127018922194,0.3749999999999999
EMP810,0.5892556509887895,0.44543540318737396,0.35355339059327373
EMP811,0.4767312946227962,0.42257712736425834,0.4216370213557839
EMP812,0.8040302522073697,0.7252406676228421,0.4767312946227962
EMP813,0.8040302522073697,0.7252406676228421,0.4767312946227962
EMP814,0.5892556509887895,0.21320071635561041,0.1178511301977579
EMP815,0.2886751345948129,0.24999999999999994,0.13363062095621217
EMP816,0.6249999999999999,0.3198010745334156,0.14433756729740646
EMP817,0.408248290463863,0.2886751345948129,0.1666666666666667
EMP818,0.35355339059327373,0.2886751345948129,0.24999999999999994
EMP819,0.3749999999999999,0.2886751345948129,0.26726124191242434
EMP820,0.3333333333333333,0.2721655269759087,0.2357022603955158
EMP821,0.3749999999999999,0.2886751345948129,0.26726124191242434
EMP822,0.5892556509887895,0.21320071635561041,0.1178511301977579
EMP823,0.2886751345948129,0.24999999999999994,0.13363062095621217
EMP824,0.6249999999999999,0.3198010745334156,0.14433756729740646
EMP825,0.408248290463863,0.2886751345948129,0.1666666666666667
EMP826,0.35355339059327373,0.2886751345948129,0.24999999999999994
EMP827,0.3749999999999999,0.2886751345948129,0.26726124191242434
EMP828,0.3333333333333333,0.2721655269759087,0.2357022603955158
EMP829,0.3749999999999999,0.2886751345948129,0.26726124191242434
EMP830,0.5000000000000001,0.4330127018922194,0.3086066999241838
EMP831,0.35355339059327373,0.26726124191242434,0.14433756729740646
EMP832,0.3779644730092272,0.35355339059327373,0.2721655269759087
EMP833,0.5000000000000001,0.4330127018922194,0.3086066999241838
EMP834,0.35355339059327373,0.26726124191242434,0.14433756729740646
EMP835,0.3779644730092272,0.35355339059327373,0.2721655269759087
EMP836,0.11322770341445959,0.09805806756909201,0.09245003270420485
EMP837,0.42640143271122083,0.33541019662496846,0.2886751345948129
EMP838,0.42640143271122083,0.33541019662496846,0.2886751345948129
EMP839,0.2279211529192759,0.14285714285714282,0.13363062095621217
EMP840,0.2222222222222222,0.0,0.0
EMP841,0.38138503569823695,0.30000000000000004,0.21081851067789195
EMP842,0.2721655269759087,0.13608276348795434,0.12309149097933275
EMP843,0.4767312946227962,0.4,0.31622776601683794
EMP844,0.11322770341445959,0.09805806756909201,0.09245003270420485
EMP845,0.42640143271122083,0.33541019662496846,0.2886751345948129
EMP846,0.42640143271122083,0.33541019662496846,0.2886751345948129
EMP847,0.2279211529192759,0.14285714285714282,0.13363062095621217
EMP848,0.2222222222222222,0.0,0.0
EMP849,0.38138503569823695,0.30000000000000004,0.21081851067789195
EMP850,0.2721655269759087,0.13608276348795434,0.12309149097933275
EMP851,0.4767312946227962,0.4,0.31622776601683794
EMP852,0.28571428571428564,0.2519763153394848,0.1543033499620919
EMP853,0.8040302522073697,0.4216370213557839,0.35355339059327373
EMP854,0.2519763153394848,0.2279211529192759,0.14285714285714282
EMP855,0.28571428571428564,0.2519763153394848,0.1543033499620919
EMP856,0.8040302522073697,0.4216370213557839,0.35355339059327373
EMP857,0.2519763153394848,0.2279211529192759,0.14285714285714282
EMP858,0.5000000000000001,0.2886751345948129,0.2886751345948129
EMP859,0.5000000000000001,0.2886751345948129,0.2886751345948129
EMP860,0.2721655269759087,0.20100756305184242,0.1111111111111111
EMP861,0.2886751345948129,0.10660035817780521,0.0
EMP862,0.2721655269759087,0.20100756305184242,0.1111111111111111
EMP863,0.2886751345948129,0.10660035817780521,0.0
EMP864,0.5163977794943223,0.2886751345948129,0.2721655269759087
EMP865,0.5163977794943223,0.2886751345948129,0.2721655269759087
EMP866,0.38138503569823695,0.38138503569823695,0.20100756305184242
EMP867,0.38138503569823695,0.38138503569823695,0.20100756305184242
EMP868,0.31622776601683794,0.31622776601683794,0.2981423969999719
EMP869,0.31622776601683794,0.31622776601683794,0.2981423969999719
EMP870,0.2981423969999719,0.18257418583505539,0.13483997249264842
EMP871,0.1666666666666667,0.13608276348795434,0.12309149097933275
EMP872,0.14433756729740646,0.1178511301977579,0.10660035817780521
EMP873,0.13608276348795434,0.0,0.0
EMP874,0.2981423969999719,0.18257418583505539,0.13483997249264842
EMP875,0.1666666666666667,0.13608276348795434,0.12309149097933275
EMP876,0.14433756729740646,0.1178511301977579,0.10660035817780521
EMP877,0.13608276348795434,0.0,0.0
EMP878,0.1543033499620919,0.1259881576697424,0.11396057645963795
EMP879,0.38138503569823695,0.31622776601683794,0.25819888974716115
EMP880,0.5163977794943223,0.19069251784911848,0.10540925533894598
EMP881,0.1543033499620919,0.1259881576697424,0.11396057645963795
EMP882,0.38138503569823695,0.31622776601683794,0.25819888974716115
EMP883,0.1543033499620919,0.1259881576697424,0.11396057645963795
EMP884,0.38138503569823695,0.31622776601683794,0.25819888974716115
EMP885,0.5163977794943223,0.19069251784911848,0.10540925533894598
EMP886,0.1543033499620919,0.1259881576697424,0.11396057645963795
EMP887,0.38138503569823695,0.31622776601683794,0.25819888974716115
